GEO_ID,STATE,COUNTY,NAME,LSAD,ddCount,starCount,total
0500000US01051,01,051,Elmore,County,1,0,1
0500000US12119,12,119,Sumter,County,2,0,2
0500000US18183,18,183,Whitley,County,2,0,2
0500000US13187,13,187,Lumpkin,County,9,0,9
0500000US21199,21,199,Pulaski,County,3,0,3
0500000US21009,21,009,Barren,County,1,0,1
0500000US20015,20,015,Butler,County,14,0,14
0500000US23009,23,009,Hancock,County,4,0,4
0500000US23029,23,029,Washington,County,1,0,1
0500000US24019,24,019,Dorchester,County,20,0,20
0500000US24029,24,029,Kent,County,252,0,252
0500000US25011,25,011,Franklin,County,3,0,3
0500000US37005,37,005,Alleghany,County,13,0,13
0500000US37027,37,027,Caldwell,County,4,0,4
0500000US37057,37,057,Davidson,County,19,0,19
0500000US37091,37,091,Hertford,County,7,0,7
0500000US37117,37,117,Martin,County,12,0,12
0500000US37141,37,141,Pender,County,2,0,2
0500000US37151,37,151,Randolph,County,1,0,1
0500000US37165,37,165,Scotland,County,3,0,3
0500000US37167,37,167,Stanly,County,4,0,4
0500000US39147,39,147,Seneca,County,33,0,33
0500000US37197,37,197,Yadkin,County,2,0,2
0500000US36003,36,003,Allegany,County,1,0,1
0500000US36021,36,021,Columbia,County,1,0,1
0500000US36095,36,095,Schoharie,County,1,0,1
0500000US36123,36,123,Yates,County,1,0,1
0500000US42013,42,013,Blair,County,2,0,2
0500000US42015,42,015,Bradford,County,1,0,1
0500000US42087,42,087,Mifflin,County,1,0,1
0500000US42093,42,093,Montour,County,2,0,2
0500000US45039,45,039,Fairfield,County,2,0,2
0500000US47105,47,105,Loudon,County,4,0,4
0500000US45053,45,053,Jasper,County,8,0,8
0500000US42005,42,005,Armstrong,County,21,0,21
0500000US48099,48,099,Coryell,County,2,0,2
0500000US51155,51,155,Pulaski,County,3,0,3
0500000US55045,55,045,Green,County,1,0,1
0500000US55081,55,081,Monroe,County,1,0,1
0500000US54049,54,049,Marion,County,2,0,2
0500000US54079,54,079,Putnam,County,4,0,4
0500000US50005,50,005,Caledonia,County,154,0,154
0500000US51043,51,043,Clarke,County,3,0,3
0500000US13119,13,119,Franklin,County,3,0,3
0500000US12107,12,107,Putnam,County,2,0,2
0500000US12017,12,017,Citrus,County,6,0,6
0500000US12049,12,049,Hardee,County,2,0,2
0500000US12051,12,051,Hendry,County,2,0,2
0500000US17063,17,063,Grundy,County,3,0,3
0500000US19127,19,127,Marshall,County,1,0,1
0500000US19139,19,139,Muscatine,County,1,0,1
0500000US20017,20,017,Chase,County,1,0,1
0500000US23007,23,007,Franklin,County,4,0,4
0500000US45035,45,035,Dorchester,County,6,0,6
0500000US47021,47,021,Cheatham,County,1,0,1
0500000US47035,47,035,Cumberland,County,1,0,1
0500000US47059,47,059,Greene,County,2,0,2
0500000US47061,47,061,Grundy,County,1,0,1
0500000US23015,23,015,Lincoln,County,3,0,3
0500000US23021,23,021,Piscataquis,County,1,0,1
0500000US47107,47,107,McMinn,County,1,0,1
0500000US47119,47,119,Maury,County,1,0,1
0500000US24011,24,011,Caroline,County,1,0,1
0500000US33009,33,009,Grafton,County,15,0,15
0500000US33019,33,019,Sullivan,County,5,0,5
0500000US37193,37,193,Wilkes,County,4,0,4
0500000US24047,24,047,Worcester,County,9,0,9
0500000US31019,31,019,Buffalo,County,1,0,1
0500000US39023,39,023,Clark,County,1,0,1
0500000US39029,39,029,Columbiana,County,1,0,1
0500000US47147,47,147,Robertson,County,2,0,2
0500000US45061,45,061,Lee,County,1,0,1
0500000US36011,36,011,Cayuga,County,4,0,4
0500000US36033,36,033,Franklin,County,3,0,3
0500000US36035,36,035,Fulton,County,6,0,6
0500000US26115,26,115,Monroe,County,1,0,1
0500000US28143,28,143,Tunica,County,1,0,1
0500000US29023,29,023,Butler,County,1,0,1
0500000US36051,36,051,Livingston,County,5,0,5
0500000US36073,36,073,Orleans,County,2,0,2
0500000US36075,36,075,Oswego,County,9,0,9
0500000US37013,37,013,Beaufort,County,6,0,6
0500000US36089,36,089,St. Lawrence,County,3,0,3
0500000US36099,36,099,Seneca,County,2,0,2
0500000US36107,36,107,Tioga,County,2,0,2
0500000US36117,36,117,Wayne,County,3,0,3
0500000US45085,45,085,Sumter,County,3,0,3
0500000US37037,37,037,Chatham,County,1,0,1
0500000US37041,37,041,Chowan,County,1,0,1
0500000US37047,37,047,Columbus,County,2,0,2
0500000US37059,37,059,Davie,County,1,0,1
0500000US37061,37,061,Duplin,County,5,0,5
0500000US37065,37,065,Edgecombe,County,2,0,2
0500000US37069,37,069,Franklin,County,3,0,3
0500000US37071,37,071,Gaston,County,4,0,4
0500000US42033,42,033,Clearfield,County,1,0,1
0500000US42073,42,073,Lawrence,County,3,0,3
0500000US37105,37,105,Lee,County,1,0,1
0500000US37153,37,153,Richmond,County,2,0,2
0500000US42115,42,115,Susquehanna,County,1,0,1
0500000US42119,42,119,Union,County,1,0,1
0500000US37169,37,169,Stokes,County,1,0,1
0500000US45007,45,007,Anderson,County,2,0,2
0500000US45017,45,017,Calhoun,County,1,0,1
0500000US13255,13,255,Spalding,County,1,0,1
0500000US17177,17,177,Stephenson,County,1,0,1
0500000US13275,13,275,Thomas,County,1,0,1
0500000US21035,21,035,Calloway,County,1,0,1
0500000US51840,51,840,Winchester,city,3,0,3
0500000US55111,55,111,Sauk,County,2,0,2
0500000US54037,54,037,Jefferson,County,1,0,1
0500000US54107,54,107,Wood,County,2,0,2
0500000US55021,55,021,Columbia,County,1,0,1
0500000US55023,55,023,Crawford,County,1,0,1
0500000US50003,50,003,Bennington,County,3,0,3
0500000US50011,50,011,Franklin,County,4,0,4
0500000US50015,50,015,Lamoille,County,2,0,2
0500000US50021,50,021,Rutland,County,7,0,7
0500000US51025,51,025,Brunswick,County,1,0,1
0500000US51081,51,081,Greensville,County,1,0,1
0500000US50025,50,025,Windham,County,5,0,5
0500000US54029,54,029,Hancock,County,1,0,1
0500000US22095,22,095,St. John the Baptist,Parish,1,0,1
0500000US21093,21,093,Hardin,County,1,0,1
0500000US37187,37,187,Washington,County,3,0,3
0500000US50013,50,013,Grand Isle,County,1,0,1
0500000US51009,51,009,Amherst,County,1,0,1
0500000US51065,51,065,Fluvanna,County,1,0,1
0500000US01115,01,115,St. Clair,County,1,0,1
0500000US19157,19,157,Poweshiek,County,1,0,1
0500000US36017,36,017,Chenango,County,4,0,4
0500000US36049,36,049,Lewis,County,1,0,1
0500000US51079,51,079,Greene,County,1,0,1
0500000US13039,13,039,Camden,County,2,0,2
0500000US36101,36,101,Steuben,County,3,0,3
0500000US42025,42,025,Carbon,County,1,0,1
0500000US42099,42,099,Perry,County,1,0,1
0500000US42117,42,117,Tioga,County,1,0,1
0500000US42131,42,131,Wyoming,County,1,0,1
0500000US12093,12,093,Okeechobee,County,3,0,3
0500000US12121,12,121,Suwannee,County,1,0,1
0500000US12133,12,133,Washington,County,1,0,1
0500000US13035,13,035,Butts,County,1,0,1
0500000US13047,13,047,Catoosa,County,1,0,1
0500000US23017,23,017,Oxford,County,6,0,6
0500000US45033,45,033,Dillon,County,1,0,1
0500000US47019,47,019,Carter,County,1,0,1
0500000US47063,47,063,Hamblen,County,1,0,1
0500000US12027,12,027,DeSoto,County,1,0,1
0500000US47159,47,159,Smith,County,1,0,1
0500000US31153,31,153,Sarpy,County,1,0,1
0500000US13105,13,105,Elbert,County,1,0,1
0500000US13111,13,111,Fannin,County,1,0,1
0500000US31001,31,001,Adams,County,1,0,1
0500000US01113,01,113,Russell,County,1,0,1
0500000US29027,29,027,Callaway,County,1,0,1
0500000US37007,37,007,Anson,County,1,0,1
0500000US37009,37,009,Ashe,County,1,0,1
0500000US37045,37,045,Cleveland,County,1,0,1
0500000US37085,37,085,Harnett,County,5,0,5
0500000US37109,37,109,Lincoln,County,1,0,1
0500000US37123,37,123,Montgomery,County,1,0,1
0500000US51137,51,137,Orange,County,1,0,1
0500000US51163,51,163,Rockbridge,County,1,0,1
0500000US51171,51,171,Shenandoah,County,3,0,3
0500000US55043,55,043,Grant,County,1,0,1
0500000US51640,51,640,Galax,city,1,0,1
0500000US51790,51,790,Staunton,city,1,0,1
0500000US55085,55,085,Oneida,County,1,0,1
0500000US18073,18,073,Jasper,County,1,0,1
0500000US37053,37,053,Currituck,County,2,0,2
0500000US37079,37,079,Greene,County,1,0,1
0500000US23003,23,003,Aroostook,County,4,0,4
0500000US45029,45,029,Colleton,County,1,0,1
0500000US36023,36,023,Cortland,County,6,0,6
0500000US36025,36,025,Delaware,County,2,0,2
0500000US47043,47,043,Dickson,County,2,0,2
0500000US23013,23,013,Knox,County,4,0,4
0500000US23025,23,025,Somerset,County,8,0,8
0500000US24045,24,045,Wicomico,County,4,0,4
0500000US26089,26,089,Leelanau,County,1,0,1
0500000US42107,42,107,Schuylkill,County,7,0,7
0500000US42127,42,127,Wayne,County,2,0,2
0500000US23027,23,027,Waldo,County,3,0,3
0500000US26109,26,109,Menominee,County,1,0,1
0500000US36053,36,053,Madison,County,6,0,6
0500000US47089,47,089,Jefferson,County,1,0,1
0500000US39007,39,007,Ashtabula,County,2,0,2
0500000US33007,33,007,Coos,County,6,0,6
0500000US31055,31,055,Douglas,County,9,0,9
0500000US37015,37,015,Bertie,County,1,0,1
0500000US29143,29,143,New Madrid,County,1,0,1
0500000US37107,37,107,Lenoir,County,3,0,3
0500000US37189,37,189,Watauga,County,4,0,4
0500000US36097,36,097,Schuyler,County,1,0,1
0500000US36105,36,105,Sullivan,County,3,0,3
0500000US36115,36,115,Washington,County,2,0,2
0500000US37171,37,171,Surry,County,6,0,6
0500000US37177,37,177,Tyrrell,County,1,0,1
0500000US31111,31,111,Lincoln,County,1,0,1
0500000US37131,37,131,Northampton,County,1,0,1
0500000US37137,37,137,Pamlico,County,1,0,1
0500000US37155,37,155,Robeson,County,1,0,1
0500000US42097,42,097,Northumberland,County,2,0,2
0500000US42103,42,103,Pike,County,4,0,4
0500000US12075,12,075,Levy,County,1,0,1
0500000US18029,18,029,Dearborn,County,1,0,1
0500000US13291,13,291,Union,County,1,0,1
0500000US51083,51,083,Halifax,County,2,0,2
0500000US51089,51,089,Henry,County,3,0,3
0500000US51117,51,117,Mecklenburg,County,1,0,1
0500000US55031,55,031,Douglas,County,1,0,1
0500000US36009,36,009,Cattaraugus,County,3,0,3
0500000US01043,01,043,Cullman,County,2,0,2
0500000US37185,37,185,Warren,County,2,0,2
0500000US13045,13,045,Carroll,County,1,0,1
0500000US37093,37,093,Hoke,County,1,0,1
0500000US37161,37,161,Rutherford,County,1,0,1
0500000US50001,50,001,Addison,County,2,0,2
0500000US50017,50,017,Orange,County,1,0,1
0500000US50023,50,023,Washington,County,3,0,3
0500000US50027,50,027,Windsor,County,5,0,5
0500000US01001,01,001,Autauga,County,0,1,1
0500000US01083,01,083,Limestone,County,69,1,70
0500000US02122,02,122,Kenai Peninsula,Borough,0,4,4
0500000US06005,06,005,Amador,County,0,2,2
0500000US06021,06,021,Glenn,County,0,1,1
0500000US06033,06,033,Lake,County,0,1,1
0500000US06055,06,055,Napa,County,1,10,11
0500000US06089,06,089,Shasta,County,0,11,11
0500000US06099,06,099,Stanislaus,County,18,31,49
0500000US06115,06,115,Yuba,County,0,1,1
0500000US08003,08,003,Alamosa,County,0,1,1
0500000US08013,08,013,Boulder,County,2,31,33
0500000US08014,08,014,Broomfield,County,0,7,7
0500000US08031,08,031,Denver,County,1,74,75
0500000US08035,08,035,Douglas,County,0,29,29
0500000US08047,08,047,Gilpin,County,2,1,3
0500000US12083,12,083,Marion,County,3,4,7
0500000US12087,12,087,Monroe,County,1,3,4
0500000US12095,12,095,Orange,County,3,51,54
0500000US12111,12,111,St. Lucie,County,1,2,3
0500000US13013,13,013,Barrow,County,4,1,5
0500000US13029,13,029,Bryan,County,0,1,1
0500000US13059,13,059,Clarke,County,3,3,6
0500000US13113,13,113,Fayette,County,1,7,8
0500000US13123,13,123,Gilmer,County,8,1,9
0500000US08059,08,059,Jefferson,County,1,54,55
0500000US08123,08,123,Weld,County,1,15,16
0500000US09015,09,015,Windham,County,4,1,5
0500000US12001,12,001,Alachua,County,1,12,13
0500000US12023,12,023,Columbia,County,0,1,1
0500000US12055,12,055,Highlands,County,3,1,4
0500000US12073,12,073,Leon,County,11,9,20
0500000US04003,04,003,Cochise,County,0,7,7
0500000US04013,04,013,Maricopa,County,2,250,252
0500000US05051,05,051,Garland,County,1,1,2
0500000US13313,13,313,Whitfield,County,0,2,2
0500000US15009,15,009,Maui,County,0,10,10
0500000US16057,16,057,Latah,County,0,2,2
0500000US17019,17,019,Champaign,County,1,3,4
0500000US17029,17,029,Coles,County,0,1,1
0500000US17049,17,049,Effingham,County,1,1,2
0500000US18059,18,059,Hancock,County,1,1,2
0500000US18095,18,095,Madison,County,0,1,1
0500000US18105,18,105,Monroe,County,0,6,6
0500000US18173,18,173,Warrick,County,0,1,1
0500000US17077,17,077,Jackson,County,4,2,6
0500000US17089,17,089,Kane,County,2,19,21
0500000US17179,17,179,Tazewell,County,1,1,2
0500000US18011,18,011,Boone,County,1,3,4
0500000US18033,18,033,DeKalb,County,0,1,1
0500000US13129,13,129,Gordon,County,2,1,3
0500000US13139,13,139,Hall,County,1,4,5
0500000US13157,13,157,Jackson,County,2,1,3
0500000US13175,13,175,Laurens,County,1,1,2
0500000US13217,13,217,Newton,County,4,1,5
0500000US13277,13,277,Tift,County,0,1,1
0500000US13285,13,285,Troup,County,0,1,1
0500000US20155,20,155,Reno,County,0,1,1
0500000US20173,20,173,Sedgwick,County,1,18,19
0500000US21209,21,209,Scott,County,0,1,1
0500000US22033,22,033,East Baton Rouge,Parish,44,7,51
0500000US22073,22,073,Ouachita,Parish,0,2,2
0500000US22105,22,105,Tangipahoa,Parish,0,2,2
0500000US21151,21,151,Madison,County,0,3,3
0500000US19113,19,113,Linn,County,3,7,10
0500000US19169,19,169,Story,County,1,2,3
0500000US27147,27,147,Steele,County,0,1,1
0500000US28049,28,049,Hinds,County,0,2,2
0500000US24003,24,003,Anne Arundel,County,7,28,35
0500000US24009,24,009,Calvert,County,9,5,14
0500000US24017,24,017,Charles,County,55,9,64
0500000US24035,24,035,Queen Anne's,County,56,1,57
0500000US24037,24,037,St. Mary's,County,12,1,13
0500000US24041,24,041,Talbot,County,41,2,43
0500000US26045,26,045,Eaton,County,103,1,104
0500000US26073,26,073,Isabella,County,0,2,2
0500000US26077,26,077,Kalamazoo,County,2,5,7
0500000US26091,26,091,Lenawee,County,0,1,1
0500000US26107,26,107,Mecosta,County,0,1,1
0500000US26111,26,111,Midland,County,0,1,1
0500000US26161,26,161,Washtenaw,County,2,13,15
0500000US27009,27,009,Benton,County,0,1,1
0500000US27019,27,019,Carver,County,0,3,3
0500000US29097,29,097,Jasper,County,0,4,4
0500000US29109,29,109,Lawrence,County,0,1,1
0500000US29131,29,131,Miller,County,0,3,3
0500000US29159,29,159,Pettis,County,0,1,1
0500000US29169,29,169,Pulaski,County,1,2,3
0500000US30013,30,013,Cascade,County,0,1,1
0500000US34007,34,007,Camden,County,2,10,12
0500000US34015,34,015,Gloucester,County,106,4,110
0500000US34031,34,031,Passaic,County,2,9,11
0500000US35001,35,001,Bernalillo,County,3,31,34
0500000US30093,30,093,Silver Bow,County,0,1,1
0500000US29021,29,021,Buchanan,County,1,2,3
0500000US29043,29,043,Christian,County,0,2,2
0500000US37001,37,001,Alamance,County,4,4,8
0500000US37021,37,021,Buncombe,County,1,13,14
0500000US37055,37,055,Dare,County,1,1,2
0500000US37067,37,067,Forsyth,County,3,13,16
0500000US37081,37,081,Guilford,County,9,17,26
0500000US37127,37,127,Nash,County,4,1,5
0500000US39055,39,055,Geauga,County,2,1,3
0500000US39089,39,089,Licking,County,0,3,3
0500000US39109,39,109,Miami,County,0,1,1
0500000US39143,39,143,Sandusky,County,0,4,4
0500000US39159,39,159,Union,County,0,1,1
0500000US39169,39,169,Wayne,County,1,1,2
0500000US39173,39,173,Wood,County,2,5,7
0500000US40019,40,019,Carter,County,0,1,1
0500000US40031,40,031,Comanche,County,0,1,1
0500000US37191,37,191,Wayne,County,3,3,6
0500000US38035,38,035,Grand Forks,County,0,3,3
0500000US39003,39,003,Allen,County,0,1,1
0500000US39015,39,015,Brown,County,0,1,1
0500000US35027,35,027,Lincoln,County,0,1,1
0500000US35028,35,028,Los Alamos,County,0,1,1
0500000US35045,35,045,San Juan,County,5,4,9
0500000US36037,36,037,Genesee,County,1,1,2
0500000US36043,36,043,Herkimer,County,5,1,6
0500000US36057,36,057,Montgomery,County,1,1,2
0500000US36069,36,069,Ontario,County,1,4,5
0500000US36083,36,083,Rensselaer,County,1,1,2
0500000US36109,36,109,Tompkins,County,25,2,27
0500000US42021,42,021,Cambria,County,1,1,2
0500000US42031,42,031,Clarion,County,0,1,1
0500000US42063,42,063,Indiana,County,1,2,3
0500000US42069,42,069,Lackawanna,County,1,5,6
0500000US47031,47,031,Coffee,County,9,1,10
0500000US47093,47,093,Knox,County,10,15,25
0500000US47179,47,179,Washington,County,15,1,16
0500000US46029,46,029,Codington,County,0,1,1
0500000US46103,46,103,Pennington,County,0,5,5
0500000US40109,40,109,Oklahoma,County,4,24,28
0500000US40147,40,147,Washington,County,0,2,2
0500000US41017,41,017,Deschutes,County,0,13,13
0500000US41031,41,031,Jefferson,County,0,1,1
0500000US41053,41,053,Polk,County,0,3,3
0500000US48367,48,367,Parker,County,11,2,13
0500000US48381,48,381,Randall,County,2,1,3
0500000US48397,48,397,Rockwall,County,1,6,7
0500000US48491,48,491,Williamson,County,3,21,24
0500000US48497,48,497,Wise,County,0,1,1
0500000US49011,49,011,Davis,County,27,5,32
0500000US47189,47,189,Wilson,County,1,1,2
0500000US48021,48,021,Bastrop,County,1,1,2
0500000US48053,48,053,Burnet,County,0,1,1
0500000US48217,48,217,Hill,County,1,1,2
0500000US48251,48,251,Johnson,County,48,4,52
0500000US48265,48,265,Kerr,County,0,1,1
0500000US48303,48,303,Lubbock,County,3,7,10
0500000US48309,48,309,McLennan,County,1,5,6
0500000US48329,48,329,Midland,County,0,2,2
0500000US48339,48,339,Montgomery,County,9,20,29
0500000US51121,51,121,Montgomery,County,1,3,4
0500000US51187,51,187,Warren,County,2,2,4
0500000US51197,51,197,Wythe,County,25,1,26
0500000US51510,51,510,Alexandria,city,2,6,8
0500000US51540,51,540,Charlottesville,city,7,2,9
0500000US51660,51,660,Harrisonburg,city,1,3,4
0500000US51760,51,760,Richmond,city,3,12,15
0500000US51775,51,775,Salem,city,1,2,3
0500000US51820,51,820,Waynesboro,city,1,2,3
0500000US53021,53,021,Franklin,County,0,1,1
0500000US55039,55,039,Fond du Lac,County,1,2,3
0500000US55063,55,063,La Crosse,County,1,1,2
0500000US55073,55,073,Marathon,County,19,2,21
0500000US55141,55,141,Wood,County,1,1,2
0500000US56025,56,025,Natrona,County,0,3,3
0500000US56033,56,033,Sheridan,County,0,1,1
0500000US53041,53,041,Lewis,County,0,4,4
0500000US53045,53,045,Mason,County,0,3,3
0500000US53065,53,065,Stevens,County,0,1,1
0500000US54039,54,039,Kanawha,County,0,3,3
0500000US54061,54,061,Monongalia,County,2,2,4
0500000US55017,55,017,Chippewa,County,0,1,1
0500000US55025,55,025,Dane,County,2,12,14
0500000US49035,49,035,Salt Lake,County,8,34,42
0500000US51047,51,047,Culpeper,County,23,2,25
0500000US51075,51,075,Goochland,County,0,1,1
0500000US01081,01,081,Lee,County,1,3,4
0500000US01089,01,089,Madison,County,10,7,17
0500000US02110,02,110,Juneau,Cty&Bor,0,2,2
0500000US02130,02,130,Ketchikan Gateway,Borough,0,1,1
0500000US05143,05,143,Washington,County,17,3,20
0500000US06007,06,007,Butte,County,0,7,7
0500000US01097,01,097,Mobile,County,2,8,10
0500000US01101,01,101,Montgomery,County,7,5,12
0500000US01117,01,117,Shelby,County,1,6,7
0500000US01125,01,125,Tuscaloosa,County,9,3,12
0500000US02020,02,020,Anchorage,Muny,0,23,23
0500000US01015,01,015,Calhoun,County,137,2,139
0500000US06045,06,045,Mendocino,County,0,5,5
0500000US06051,06,051,Mono,County,0,2,2
0500000US06057,06,057,Nevada,County,0,5,5
0500000US06059,06,059,Orange,County,6,215,221
0500000US06065,06,065,Riverside,County,1,120,121
0500000US06069,06,069,San Benito,County,0,3,3
0500000US06073,06,073,San Diego,County,1,241,242
0500000US06075,06,075,San Francisco,County,0,80,80
0500000US06113,06,113,Yolo,County,0,15,15
0500000US08001,08,001,Adams,County,4,27,31
0500000US08037,08,037,Eagle,County,0,9,9
0500000US06081,06,081,San Mateo,County,2,60,62
0500000US06083,06,083,Santa Barbara,County,4,20,24
0500000US06087,06,087,Santa Cruz,County,0,15,15
0500000US06095,06,095,Solano,County,0,29,29
0500000US06101,06,101,Sutter,County,0,6,6
0500000US06103,06,103,Tehama,County,0,3,3
0500000US06109,06,109,Tuolumne,County,0,3,3
0500000US06009,06,009,Calaveras,County,0,2,2
0500000US06013,06,013,Contra Costa,County,1,81,82
0500000US06015,06,015,Del Norte,County,0,1,1
0500000US06025,06,025,Imperial,County,0,5,5
0500000US06029,06,029,Kern,County,3,34,37
0500000US06031,06,031,Kings,County,1,6,7
0500000US06039,06,039,Madera,County,0,6,6
0500000US13067,13,067,Cobb,County,8,27,35
0500000US13073,13,073,Columbia,County,3,4,7
0500000US13077,13,077,Coweta,County,2,3,5
0500000US13095,13,095,Dougherty,County,4,2,6
0500000US13115,13,115,Floyd,County,5,2,7
0500000US08069,08,069,Larimer,County,1,21,22
0500000US12089,12,089,Nassau,County,4,3,7
0500000US12091,12,091,Okaloosa,County,2,8,10
0500000US12097,12,097,Osceola,County,120,6,126
0500000US12099,12,099,Palm Beach,County,2,49,51
0500000US12101,12,101,Pasco,County,2,10,12
0500000US12109,12,109,St. Johns,County,5,6,11
0500000US12113,12,113,Santa Rosa,County,0,2,2
0500000US12115,12,115,Sarasota,County,1,14,15
0500000US12117,12,117,Seminole,County,1,12,13
0500000US12127,12,127,Volusia,County,1,8,9
0500000US12131,12,131,Walton,County,4,4,8
0500000US13009,13,009,Baldwin,County,1,1,2
0500000US13015,13,015,Bartow,County,2,1,3
0500000US13031,13,031,Bulloch,County,3,2,5
0500000US13053,13,053,Chattahoochee,County,4,2,6
0500000US13057,13,057,Cherokee,County,5,7,12
0500000US13063,13,063,Clayton,County,4,10,14
0500000US09013,09,013,Tolland,County,18,1,19
0500000US10005,10,005,Sussex,County,8,5,13
0500000US11001,11,001,District of Columbia,,25,75,100
0500000US12003,12,003,Baker,County,0,1,1
0500000US12005,12,005,Bay,County,3,6,9
0500000US12011,12,011,Broward,County,95,55,150
0500000US12015,12,015,Charlotte,County,7,3,10
0500000US12071,12,071,Lee,County,37,21,58
0500000US12081,12,081,Manatee,County,12,9,21
0500000US08085,08,085,Montrose,County,0,3,3
0500000US12031,12,031,Duval,County,44,35,79
0500000US12053,12,053,Hernando,County,13,3,16
0500000US12061,12,061,Indian River,County,7,4,11
0500000US12069,12,069,Lake,County,16,10,26
0500000US08077,08,077,Mesa,County,0,11,11
0500000US08081,08,081,Moffat,County,0,1,1
0500000US08097,08,097,Pitkin,County,0,1,1
0500000US08119,08,119,Teller,County,0,2,2
0500000US09003,09,003,Hartford,County,141,26,167
0500000US09007,09,007,Middlesex,County,24,1,25
0500000US05045,05,045,Faulkner,County,1,4,5
0500000US15007,15,007,Kauai,County,0,4,4
0500000US16001,16,001,Ada,County,0,24,24
0500000US16017,16,017,Bonner,County,0,2,2
0500000US16019,16,019,Bonneville,County,0,2,2
0500000US05115,05,115,Pope,County,0,1,1
0500000US04005,04,005,Coconino,County,1,10,11
0500000US04009,04,009,Graham,County,0,1,1
0500000US04012,04,012,La Paz,County,0,1,1
0500000US04017,04,017,Navajo,County,0,2,2
0500000US04021,04,021,Pinal,County,3,12,15
0500000US04023,04,023,Santa Cruz,County,0,1,1
0500000US04027,04,027,Yuma,County,2,7,9
0500000US16083,16,083,Twin Falls,County,0,2,2
0500000US17007,17,007,Boone,County,0,2,2
0500000US17037,17,037,DeKalb,County,0,4,4
0500000US17043,17,043,DuPage,County,54,64,118
0500000US18127,18,127,Porter,County,5,4,9
0500000US18141,18,141,St. Joseph,County,1,13,14
0500000US18167,18,167,Vigo,County,1,3,4
0500000US18057,18,057,Hamilton,County,4,19,23
0500000US18067,18,067,Howard,County,0,2,2
0500000US18091,18,091,LaPorte,County,1,1,2
0500000US18097,18,097,Marion,County,8,48,56
0500000US18109,18,109,Morgan,County,0,1,1
0500000US16055,16,055,Kootenai,County,0,9,9
0500000US16069,16,069,Nez Perce,County,0,1,1
0500000US18019,18,019,Clark,County,1,2,3
0500000US18035,18,035,Delaware,County,0,3,3
0500000US20091,20,091,Johnson,County,6,27,33
0500000US20103,20,103,Leavenworth,County,0,2,2
0500000US20177,20,177,Shawnee,County,2,2,4
0500000US22057,22,057,Lafourche,Parish,0,1,1
0500000US22061,22,061,Lincoln,Parish,0,2,2
0500000US22063,22,063,Livingston,Parish,0,2,2
0500000US22079,22,079,Rapides,Parish,0,2,2
0500000US21111,21,111,Jefferson,County,3,31,34
0500000US21113,21,113,Jessamine,County,0,2,2
0500000US21145,21,145,McCracken,County,2,2,4
0500000US18003,18,003,Allen,County,6,14,20
0500000US19061,19,061,Dubuque,County,1,2,3
0500000US19103,19,103,Johnson,County,2,2,4
0500000US19153,19,153,Polk,County,9,21,30
0500000US19155,19,155,Pottawattamie,County,1,3,4
0500000US19163,19,163,Scott,County,2,5,7
0500000US19193,19,193,Woodbury,County,0,2,2
0500000US27109,27,109,Olmsted,County,1,4,5
0500000US27145,27,145,Stearns,County,0,1,1
0500000US27163,27,163,Washington,County,0,9,9
0500000US27171,27,171,Wright,County,0,3,3
0500000US28073,28,073,Lamar,County,0,1,1
0500000US13215,13,215,Muscogee,County,3,3,6
0500000US47011,47,011,Bradley,County,1,2,3
0500000US27137,27,137,St. Louis,County,1,3,4
0500000US23023,23,023,Sagadahoc,County,3,2,5
0500000US23031,23,031,York,County,22,6,28
0500000US32005,32,005,Douglas,County,0,7,7
0500000US32023,32,023,Nye,County,0,1,1
0500000US23011,23,011,Kennebec,County,14,2,16
0500000US39119,39,119,Muskingum,County,0,2,2
0500000US39133,39,133,Portage,County,2,7,9
0500000US39139,39,139,Richland,County,1,3,4
0500000US39141,39,141,Ross,County,0,1,1
0500000US39151,39,151,Stark,County,9,7,16
0500000US47065,47,065,Hamilton,County,4,7,11
0500000US47125,47,125,Montgomery,County,2,2,4
0500000US24013,24,013,Carroll,County,5,4,9
0500000US24021,24,021,Frederick,County,9,9,18
0500000US24031,24,031,Montgomery,County,26,62,88
0500000US24033,24,033,Prince George's,County,18,32,50
0500000US24043,24,043,Washington,County,3,1,4
0500000US32031,32,031,Washoe,County,1,34,35
0500000US32510,32,510,Carson City,,1,4,5
0500000US33003,33,003,Carroll,County,8,1,9
0500000US33015,33,015,Rockingham,County,49,6,55
0500000US34003,34,003,Bergen,County,102,31,133
0500000US34009,34,009,Cape May,County,6,1,7
0500000US34013,34,013,Essex,County,67,20,87
0500000US39171,39,171,Williams,County,0,2,2
0500000US40017,40,017,Canadian,County,0,2,2
0500000US47141,47,141,Putnam,County,1,2,3
0500000US48061,48,061,Cameron,County,2,7,9
0500000US48085,48,085,Collin,County,7,54,61
0500000US48091,48,091,Comal,County,0,3,3
0500000US25013,25,013,Hampden,County,55,6,61
0500000US25015,25,015,Hampshire,County,20,3,23
0500000US25017,25,017,Middlesex,County,252,53,305
0500000US34017,34,017,Hudson,County,56,10,66
0500000US34019,34,019,Hunterdon,County,12,2,14
0500000US34021,34,021,Mercer,County,32,7,39
0500000US34029,34,029,Ocean,County,41,6,47
0500000US34033,34,033,Salem,County,3,1,4
0500000US34035,34,035,Somerset,County,33,13,46
0500000US34041,34,041,Warren,County,7,2,9
0500000US37195,37,195,Wilson,County,7,2,9
0500000US38017,38,017,Cass,County,0,3,3
0500000US47001,47,001,Anderson,County,1,1,2
0500000US40071,40,071,Kay,County,0,1,1
0500000US40119,40,119,Payne,County,0,2,2
0500000US40125,40,125,Pottawatomie,County,0,1,1
0500000US25021,25,021,Norfolk,County,108,14,122
0500000US25023,25,023,Plymouth,County,103,11,114
0500000US30063,30,063,Missoula,County,0,4,4
0500000US38101,38,101,Ward,County,0,1,1
0500000US39005,39,005,Ashland,County,1,1,2
0500000US39013,39,013,Belmont,County,0,1,1
0500000US39017,39,017,Butler,County,4,10,14
0500000US42003,42,003,Allegheny,County,26,46,72
0500000US42007,42,007,Beaver,County,2,3,5
0500000US48423,48,423,Smith,County,1,3,4
0500000US26021,26,021,Berrien,County,2,3,5
0500000US39025,39,025,Clermont,County,4,5,9
0500000US39041,39,041,Delaware,County,0,14,14
0500000US39043,39,043,Erie,County,4,3,7
0500000US39049,39,049,Franklin,County,7,59,66
0500000US47149,47,149,Rutherford,County,4,6,10
0500000US47155,47,155,Sevier,County,4,5,9
0500000US26047,26,047,Emmet,County,0,1,1
0500000US26065,26,065,Ingham,County,2,6,8
0500000US31109,31,109,Lancaster,County,4,4,8
0500000US28121,28,121,Rankin,County,1,3,4
0500000US35043,35,043,Sandoval,County,0,4,4
0500000US35049,35,049,Santa Fe,County,1,8,9
0500000US35061,35,061,Valencia,County,0,1,1
0500000US36007,36,007,Broome,County,18,5,23
0500000US36013,36,013,Chautauqua,County,2,2,4
0500000US36019,36,019,Clinton,County,8,2,10
0500000US36027,36,027,Dutchess,County,23,5,28
0500000US36039,36,039,Greene,County,3,1,4
0500000US40143,40,143,Tulsa,County,0,29,29
0500000US41003,41,003,Benton,County,0,6,6
0500000US41005,41,005,Clackamas,County,0,39,39
0500000US41011,41,011,Coos,County,0,2,2
0500000US41013,41,013,Crook,County,0,1,1
0500000US41027,41,027,Hood River,County,0,2,2
0500000US26075,26,075,Jackson,County,1,2,3
0500000US26081,26,081,Kent,County,3,28,31
0500000US26087,26,087,Lapeer,County,0,1,1
0500000US26093,26,093,Livingston,County,2,5,7
0500000US26099,26,099,Macomb,County,15,15,30
0500000US36045,36,045,Jefferson,County,11,2,13
0500000US36055,36,055,Monroe,County,49,18,67
0500000US36059,36,059,Nassau,County,105,42,147
0500000US36063,36,063,Niagara,County,10,1,11
0500000US36071,36,071,Orange,County,30,3,33
0500000US48441,48,441,Taylor,County,0,2,2
0500000US48451,48,451,Tom Green,County,0,1,1
0500000US48453,48,453,Travis,County,3,52,55
0500000US48469,48,469,Victoria,County,0,2,2
0500000US48477,48,477,Washington,County,0,1,1
0500000US48485,48,485,Wichita,County,1,2,3
0500000US26125,26,125,Oakland,County,26,57,83
0500000US26145,26,145,Saginaw,County,0,3,3
0500000US26147,26,147,St. Clair,County,0,2,2
0500000US29047,29,047,Clay,County,3,5,8
0500000US29051,29,051,Cole,County,0,2,2
0500000US29077,29,077,Greene,County,1,13,14
0500000US37025,37,025,Cabarrus,County,4,7,11
0500000US13223,13,223,Paulding,County,1,3,4
0500000US36081,36,081,Queens,County,158,31,189
0500000US36087,36,087,Rockland,County,22,7,29
0500000US36093,36,093,Schenectady,County,15,3,18
0500000US36103,36,103,Suffolk,County,106,49,155
0500000US42017,42,017,Bucks,County,41,21,62
0500000US45079,45,079,Richland,County,8,8,16
0500000US45083,45,083,Spartanburg,County,3,2,5
0500000US46011,46,011,Brookings,County,0,1,1
0500000US26163,26,163,Wayne,County,21,31,52
0500000US27003,27,003,Anoka,County,0,5,5
0500000US27035,27,035,Crow Wing,County,0,1,1
0500000US27037,27,037,Dakota,County,0,12,12
0500000US27053,27,053,Hennepin,County,2,57,59
0500000US37035,37,035,Catawba,County,9,2,11
0500000US37083,37,083,Halifax,County,2,1,3
0500000US37087,37,087,Haywood,County,0,2,2
0500000US42027,42,027,Centre,County,3,3,6
0500000US42029,42,029,Chester,County,21,14,35
0500000US42045,42,045,Delaware,County,26,14,40
0500000US42049,42,049,Erie,County,2,3,5
0500000US42051,42,051,Fayette,County,1,1,2
0500000US42055,42,055,Franklin,County,2,2,4
0500000US42079,42,079,Luzerne,County,12,1,13
0500000US41029,41,029,Jackson,County,0,10,10
0500000US41039,41,039,Lane,County,0,21,21
0500000US41043,41,043,Linn,County,0,4,4
0500000US41051,41,051,Multnomah,County,0,101,101
0500000US41059,41,059,Umatilla,County,0,4,4
0500000US41065,41,065,Wasco,County,0,2,2
0500000US41071,41,071,Yamhill,County,0,3,3
0500000US29105,29,105,Laclede,County,0,1,1
0500000US37099,37,099,Jackson,County,2,1,3
0500000US37129,37,129,New Hanover,County,6,5,11
0500000US37135,37,135,Orange,County,2,4,6
0500000US37139,37,139,Pasquotank,County,2,1,3
0500000US37147,37,147,Pitt,County,14,5,19
0500000US42085,42,085,Mercer,County,1,1,2
0500000US42089,42,089,Monroe,County,14,2,16
0500000US42095,42,095,Northampton,County,19,3,22
0500000US42101,42,101,Philadelphia,County,124,36,160
0500000US42109,42,109,Snyder,County,1,2,3
0500000US42111,42,111,Somerset,County,0,3,3
0500000US42125,42,125,Washington,County,4,5,9
0500000US42133,42,133,York,County,13,6,19
0500000US49019,49,019,Grand,County,0,1,1
0500000US48029,48,029,Bexar,County,13,64,77
0500000US48039,48,039,Brazoria,County,0,7,7
0500000US29213,29,213,Taney,County,1,3,4
0500000US29510,29,510,St. Louis,city,0,7,7
0500000US37159,37,159,Rowan,County,4,1,5
0500000US37175,37,175,Transylvania,County,0,1,1
0500000US39061,39,061,Hamilton,County,19,36,55
0500000US39087,39,087,Lawrence,County,0,2,2
0500000US39093,39,093,Lorain,County,3,5,8
0500000US39099,39,099,Mahoning,County,9,2,11
0500000US39101,39,101,Marion,County,0,2,2
0500000US44001,44,001,Bristol,County,7,1,8
0500000US44003,44,003,Kent,County,29,6,35
0500000US44005,44,005,Newport,County,12,2,14
0500000US45003,45,003,Aiken,County,4,2,6
0500000US30029,30,029,Flathead,County,0,2,2
0500000US19015,19,015,Boone,County,0,1,1
0500000US17091,17,091,Kankakee,County,3,4,7
0500000US17093,17,093,Kendall,County,4,3,7
0500000US17099,17,099,LaSalle,County,2,2,4
0500000US17111,17,111,McHenry,County,9,10,19
0500000US13185,13,185,Lowndes,County,1,2,3
0500000US13247,13,247,Rockdale,County,2,2,4
0500000US21239,21,239,Woodford,County,0,1,1
0500000US22005,22,005,Ascension,Parish,0,1,1
0500000US22103,22,103,St. Tammany,Parish,1,7,8
0500000US21015,21,015,Boone,County,1,7,8
0500000US17143,17,143,Peoria,County,5,6,11
0500000US17167,17,167,Sangamon,County,1,7,8
0500000US17197,17,197,Will,County,33,25,58
0500000US13295,13,295,Walker,County,0,1,1
0500000US22015,22,015,Bossier,Parish,1,4,5
0500000US22017,22,017,Caddo,Parish,2,4,6
0500000US22051,22,051,Jefferson,Parish,5,13,18
0500000US22055,22,055,Lafayette,Parish,0,7,7
0500000US21067,21,067,Fayette,County,5,15,20
0500000US51800,51,800,Suffolk,city,2,4,6
0500000US51810,51,810,Virginia Beach,city,14,27,41
0500000US53001,53,001,Adams,County,0,1,1
0500000US53003,53,003,Asotin,County,0,2,2
0500000US53005,53,005,Benton,County,0,13,13
0500000US53015,53,015,Cowlitz,County,0,9,9
0500000US53017,53,017,Douglas,County,0,2,2
0500000US53025,53,025,Grant,County,0,4,4
0500000US51600,51,600,Fairfax,city,3,2,5
0500000US55101,55,101,Racine,County,2,2,4
0500000US55133,55,133,Waukesha,County,4,17,21
0500000US55139,55,139,Winnebago,County,0,4,4
0500000US54033,54,033,Harrison,County,2,1,3
0500000US54069,54,069,Ohio,County,0,2,2
0500000US54075,54,075,Pocahontas,County,0,1,1
0500000US53029,53,029,Island,County,0,3,3
0500000US49043,49,043,Summit,County,0,2,2
0500000US49049,49,049,Utah,County,0,2,2
0500000US49057,49,057,Weber,County,1,2,3
0500000US50007,50,007,Chittenden,County,13,4,17
0500000US51013,51,013,Arlington,County,8,26,34
0500000US51015,51,015,Augusta,County,0,1,1
0500000US51019,51,019,Bedford,County,0,1,1
0500000US51031,51,031,Campbell,County,1,1,2
0500000US54081,54,081,Raleigh,County,2,2,4
0500000US51061,51,061,Fauquier,County,1,4,5
0500000US51069,51,069,Frederick,County,5,2,7
0500000US51073,51,073,Gloucester,County,1,2,3
0500000US51085,51,085,Hanover,County,1,4,5
0500000US51095,51,095,James City,County,1,7,8
0500000US53037,53,037,Kittitas,County,0,4,4
0500000US53075,53,075,Whitman,County,0,2,2
0500000US54055,54,055,Mercer,County,0,2,2
0500000US21037,21,037,Campbell,County,0,4,4
0500000US21049,21,049,Clark,County,0,1,1
0500000US21125,21,125,Laurel,County,1,1,2
0500000US40047,40,047,Garfield,County,0,1,1
0500000US37183,37,183,Wake,County,25,40,65
0500000US39009,39,009,Athens,County,0,1,1
0500000US51003,51,003,Albemarle,County,2,6,8
0500000US01003,01,003,Baldwin,County,1,4,5
0500000US01073,01,073,Jefferson,County,6,19,25
0500000US01103,01,103,Morgan,County,1,2,3
0500000US19057,19,057,Des Moines,County,0,1,1
0500000US19099,19,099,Jasper,County,0,1,1
0500000US19187,19,187,Webster,County,0,1,1
0500000US39045,39,045,Fairfield,County,0,3,3
0500000US35013,35,013,Doï¿½a Ana,County,2,4,6
0500000US36031,36,031,Essex,County,2,1,3
0500000US36065,36,065,Oneida,County,16,1,17
0500000US36077,36,077,Otsego,County,3,1,4
0500000US13011,13,011,Banks,County,0,1,1
0500000US13051,13,051,Chatham,County,3,12,15
0500000US06027,06,027,Inyo,County,0,2,2
0500000US06047,06,047,Merced,County,0,12,12
0500000US06077,06,077,San Joaquin,County,1,35,36
0500000US06107,06,107,Tulare,County,0,16,16
0500000US08019,08,019,Clear Creek,County,0,2,2
0500000US27169,27,169,Winona,County,0,1,1
0500000US28035,28,035,Forrest,County,0,2,2
0500000US36091,36,091,Saratoga,County,25,2,27
0500000US36113,36,113,Warren,County,9,2,11
0500000US42011,42,011,Berks,County,19,3,22
0500000US42019,42,019,Butler,County,2,2,4
0500000US42037,42,037,Columbia,County,2,1,3
0500000US42057,42,057,Fulton,County,0,1,1
0500000US42075,42,075,Lebanon,County,10,1,11
0500000US42081,42,081,Lycoming,County,4,2,6
0500000US06041,06,041,Marin,County,0,22,22
0500000US06053,06,053,Monterey,County,0,24,24
0500000US06061,06,061,Placer,County,1,41,42
0500000US02090,02,090,Fairbanks North Star,Borough,0,5,5
0500000US08041,08,041,El Paso,County,10,40,50
0500000US08049,08,049,Grand,County,0,3,3
0500000US12085,12,085,Martin,County,15,4,19
0500000US12105,12,105,Polk,County,8,8,16
0500000US13021,13,021,Bibb,County,2,2,4
0500000US24015,24,015,Cecil,County,4,1,5
0500000US24027,24,027,Howard,County,18,15,33
0500000US25001,25,001,Barnstable,County,48,7,55
0500000US25003,25,003,Berkshire,County,11,2,13
0500000US25027,25,027,Worcester,County,113,8,121
0500000US26025,26,025,Calhoun,County,0,2,2
0500000US26049,26,049,Genesee,County,0,7,7
0500000US44007,44,007,Providence,County,107,9,116
0500000US45021,45,021,Cherokee,County,2,1,3
0500000US45045,45,045,Greenville,County,9,12,21
0500000US47009,47,009,Blount,County,1,3,4
0500000US47037,47,037,Davidson,County,10,31,41
0500000US47085,47,085,Humphreys,County,0,1,1
0500000US47113,47,113,Madison,County,1,2,3
0500000US06019,06,019,Fresno,County,0,45,45
0500000US06023,06,023,Humboldt,County,0,5,5
0500000US06035,06,035,Lassen,County,0,2,2
0500000US06037,06,037,Los Angeles,County,19,525,544
0500000US13085,13,085,Dawson,County,1,1,2
0500000US13117,13,117,Forsyth,County,4,8,12
0500000US08051,08,051,Gunnison,County,0,1,1
0500000US08101,08,101,Pueblo,County,2,5,7
0500000US08117,08,117,Summit,County,1,7,8
0500000US09005,09,005,Litchfield,County,20,4,24
0500000US12019,12,019,Clay,County,7,4,11
0500000US12035,12,035,Flagler,County,3,2,5
0500000US26137,26,137,Otsego,County,0,1,1
0500000US27013,27,013,Blue Earth,County,0,1,1
0500000US27061,27,061,Itasca,County,0,1,1
0500000US29095,29,095,Jackson,County,4,20,24
0500000US47145,47,145,Roane,County,0,1,1
0500000US47165,47,165,Sumner,County,3,2,5
0500000US45047,45,047,Greenwood,County,0,1,1
0500000US45051,45,051,Horry,County,21,10,31
0500000US01069,01,069,Houston,County,2,1,3
0500000US04001,04,001,Apache,County,0,1,1
0500000US04007,04,007,Gila,County,1,2,3
0500000US04019,04,019,Pima,County,11,57,68
0500000US41009,41,009,Columbia,County,0,2,2
0500000US06067,06,067,Sacramento,County,1,104,105
0500000US06071,06,071,San Bernardino,County,2,94,96
0500000US06111,06,111,Ventura,County,0,57,57
0500000US08005,08,005,Arapahoe,County,4,44,48
0500000US16005,16,005,Bannock,County,0,4,4
0500000US16027,16,027,Canyon,County,0,2,2
0500000US17001,17,001,Adams,County,1,1,2
0500000US30047,30,047,Lake,County,0,1,1
0500000US33005,33,005,Cheshire,County,10,2,12
0500000US33017,33,017,Strafford,County,16,2,18
0500000US34027,34,027,Morris,County,57,13,70
0500000US34037,34,037,Sussex,County,14,2,16
0500000US41047,41,047,Marion,County,0,21,21
0500000US41061,41,061,Union,County,0,2,2
0500000US42009,42,009,Bedford,County,1,3,4
0500000US48355,48,355,Nueces,County,1,3,4
0500000US48439,48,439,Tarrant,County,7,91,98
0500000US48471,48,471,Walker,County,0,3,3
0500000US13089,13,089,DeKalb,County,9,19,28
0500000US13097,13,097,Douglas,County,3,3,6
0500000US13121,13,121,Fulton,County,27,60,87
0500000US08067,08,067,La Plata,County,0,2,2
0500000US08071,08,071,Las Animas,County,0,1,1
0500000US18053,18,053,Grant,County,0,2,2
0500000US18063,18,063,Hendricks,County,3,4,7
0500000US18093,18,093,Lawrence,County,0,1,1
0500000US18099,18,099,Marshall,County,0,1,1
0500000US18133,18,133,Putnam,County,0,1,1
0500000US18145,18,145,Shelby,County,1,1,2
0500000US18157,18,157,Tippecanoe,County,1,7,8
0500000US30049,30,049,Lewis and Clark,County,0,3,3
0500000US49005,49,005,Cache,County,1,1,2
0500000US47187,47,187,Williamson,County,6,9,15
0500000US48027,48,027,Bell,County,0,7,7
0500000US48041,48,041,Brazos,County,0,8,8
0500000US02170,02,170,Matanuska-Susitna,Borough,0,3,3
0500000US06001,06,001,Alameda,County,1,93,94
0500000US19013,19,013,Black Hawk,County,0,4,4
0500000US17113,17,113,McLean,County,1,4,5
0500000US17163,17,163,St. Clair,County,1,4,5
0500000US17199,17,199,Williamson,County,0,1,1
0500000US28081,28,081,Lee,County,0,1,1
0500000US29071,29,071,Franklin,County,0,1,1
0500000US48143,48,143,Erath,County,0,1,1
0500000US48183,48,183,Gregg,County,1,3,4
0500000US48187,48,187,Guadalupe,County,0,1,1
0500000US48209,48,209,Hays,County,2,7,9
0500000US48231,48,231,Hunt,County,0,1,1
0500000US08039,08,039,Elbert,County,0,1,1
0500000US08045,08,045,Garfield,County,0,4,4
0500000US06079,06,079,San Luis Obispo,County,0,26,26
0500000US06097,06,097,Sonoma,County,0,44,44
0500000US06105,06,105,Trinity,County,0,1,1
0500000US06017,06,017,El Dorado,County,0,11,11
0500000US18005,18,005,Bartholomew,County,0,3,3
0500000US18017,18,017,Cass,County,0,1,1
0500000US18043,18,043,Floyd,County,0,1,1
0500000US13127,13,127,Glynn,County,3,4,7
0500000US13153,13,153,Houston,County,3,2,5
0500000US13219,13,219,Oconee,County,1,1,2
0500000US13227,13,227,Pickens,County,0,1,1
0500000US37063,37,063,Durham,County,4,14,18
0500000US37097,37,097,Iredell,County,4,6,10
0500000US37133,37,133,Onslow,County,6,1,7
0500000US51179,51,179,Stafford,County,2,4,6
0500000US51590,51,590,Danville,city,1,2,3
0500000US51620,51,620,Franklin,city,0,1,1
0500000US51680,51,680,Lynchburg,city,6,2,8
0500000US51740,51,740,Portsmouth,city,3,2,5
0500000US51830,51,830,Williamsburg,city,2,1,3
0500000US12086,12,086,Miami-Dade,County,48,81,129
0500000US12103,12,103,Pinellas,County,46,32,78
0500000US13297,13,297,Walton,County,0,2,2
0500000US20045,20,045,Douglas,County,2,5,7
0500000US20111,20,111,Lyon,County,0,1,1
0500000US37179,37,179,Union,County,3,4,7
0500000US39083,39,083,Knox,County,0,1,1
0500000US39103,39,103,Medina,County,4,4,8
0500000US39153,39,153,Summit,County,11,16,27
0500000US39165,39,165,Warren,County,3,10,13
0500000US40027,40,027,Cleveland,County,1,6,7
0500000US53011,53,011,Clark,County,0,25,25
0500000US53035,53,035,Kitsap,County,0,17,17
0500000US55087,55,087,Outagamie,County,1,4,5
0500000US55109,55,109,St. Croix,County,0,1,1
0500000US56005,56,005,Campbell,County,0,2,2
0500000US20209,20,209,Wyandotte,County,0,1,1
0500000US21185,21,185,Oldham,County,0,1,1
0500000US21227,21,227,Warren,County,2,2,4
0500000US48113,48,113,Dallas,County,9,100,109
0500000US48121,48,121,Denton,County,6,31,37
0500000US48139,48,139,Ellis,County,0,5,5
0500000US48157,48,157,Fort Bend,County,1,22,23
0500000US48181,48,181,Grayson,County,0,2,2
0500000US48347,48,347,Nacogdoches,County,1,2,3
0500000US51153,51,153,Prince William,County,9,18,27
0500000US51183,51,183,Sussex,County,0,1,1
0500000US53033,53,033,King,County,0,296,296
0500000US55035,55,035,Eau Claire,County,1,2,3
0500000US55059,55,059,Kenosha,County,2,5,7
0500000US56037,56,037,Sweetwater,County,0,1,1
0500000US53051,53,051,Pend Oreille,County,0,1,1
0500000US53053,53,053,Pierce,County,0,69,69
0500000US48201,48,201,Harris,County,25,186,211
0500000US48215,48,215,Hidalgo,County,2,7,9
0500000US48259,48,259,Kendall,County,0,1,1
0500000US51191,51,191,Washington,County,1,1,2
0500000US51520,51,520,Bristol,city,0,1,1
0500000US51550,51,550,Chesapeake,city,7,11,18
0500000US51610,51,610,Falls Church,city,1,2,3
0500000US51683,51,683,Manassas,city,2,2,4
0500000US51710,51,710,Norfolk,city,3,15,18
0500000US51750,51,750,Radford,city,1,1,2
0500000US55097,55,097,Portage,County,1,2,3
0500000US53063,53,063,Spokane,County,0,40,40
0500000US53067,53,067,Thurston,County,0,23,23
0500000US53077,53,077,Yakima,County,0,11,11
0500000US54003,54,003,Berkeley,County,3,1,4
0500000US54011,54,011,Cabell,County,0,3,3
0500000US12057,12,057,Hillsborough,County,56,44,100
0500000US08107,08,107,Routt,County,0,3,3
0500000US05125,05,125,Saline,County,1,2,3
0500000US05131,05,131,Sebastian,County,1,2,3
0500000US18177,18,177,Wayne,County,0,1,1
0500000US18081,18,081,Johnson,County,1,6,7
0500000US18089,18,089,Lake,County,19,10,29
0500000US20161,20,161,Riley,County,1,2,3
0500000US09001,09,001,Fairfield,County,115,36,151
0500000US04015,04,015,Mohave,County,1,8,9
0500000US22071,22,071,Orleans,Parish,0,5,5
0500000US27123,27,123,Ramsey,County,1,10,11
0500000US37089,37,089,Henderson,County,1,1,2
0500000US42035,42,035,Clinton,County,1,1,2
0500000US42041,42,041,Cumberland,County,10,7,17
0500000US23001,23,001,Androscoggin,County,17,1,18
0500000US38015,38,015,Burleigh,County,0,4,4
0500000US28047,28,047,Harrison,County,1,5,6
0500000US28105,28,105,Oktibbeha,County,0,1,1
0500000US36001,36,001,Albany,County,42,13,55
0500000US36005,36,005,Bronx,County,59,4,63
0500000US42043,42,043,Dauphin,County,13,9,22
0500000US42071,42,071,Lancaster,County,18,7,25
0500000US42077,42,077,Lehigh,County,28,6,34
0500000US41035,41,035,Klamath,County,0,1,1
0500000US23005,23,005,Cumberland,County,38,12,50
0500000US45041,45,041,Florence,County,2,1,3
0500000US45043,45,043,Georgetown,County,2,2,4
0500000US36015,36,015,Chemung,County,4,1,5
0500000US36029,36,029,Erie,County,28,17,45
0500000US41001,41,001,Baker,County,0,1,1
0500000US41007,41,007,Clatsop,County,0,4,4
0500000US41041,41,041,Lincoln,County,0,4,4
0500000US17097,17,097,Lake,County,28,41,69
0500000US17115,17,115,Macon,County,1,2,3
0500000US17119,17,119,Madison,County,1,3,4
0500000US23019,23,019,Penobscot,County,18,2,20
0500000US25025,25,025,Suffolk,County,154,61,215
0500000US41015,41,015,Curry,County,0,1,1
0500000US42129,42,129,Westmoreland,County,8,4,12
0500000US49021,49,021,Iron,County,0,1,1
0500000US32001,32,001,Churchill,County,0,1,1
0500000US32003,32,003,Clark,County,23,172,195
0500000US29019,29,019,Boone,County,2,5,7
0500000US39085,39,085,Lake,County,5,4,9
0500000US39095,39,095,Lucas,County,1,8,9
0500000US44009,44,009,Washington,County,21,2,23
0500000US45013,45,013,Beaufort,County,2,6,8
0500000US32019,32,019,Lyon,County,0,2,2
0500000US39113,39,113,Montgomery,County,3,12,15
0500000US39145,39,145,Scioto,County,0,1,1
0500000US39155,39,155,Trumbull,County,6,2,8
0500000US29031,29,031,Cape Girardeau,County,1,2,3
0500000US29037,29,037,Cass,County,0,1,1
0500000US36047,36,047,Kings,County,121,19,140
0500000US36061,36,061,New York,County,139,192,331
0500000US36067,36,067,Onondaga,County,48,7,55
0500000US41057,41,057,Tillamook,County,0,2,2
0500000US41067,41,067,Washington,County,0,63,63
0500000US48409,48,409,San Patricio,County,0,1,1
0500000US36079,36,079,Putnam,County,9,1,10
0500000US48479,48,479,Webb,County,1,4,5
0500000US48005,48,005,Angelina,County,0,1,1
0500000US48037,48,037,Bowie,County,1,1,2
0500000US29183,29,183,St. Charles,County,3,10,13
0500000US29189,29,189,St. Louis,County,10,42,52
0500000US24005,24,005,Baltimore,County,44,28,72
0500000US24025,24,025,Harford,County,9,6,15
0500000US30111,30,111,Yellowstone,County,0,3,3
0500000US26121,26,121,Muskegon,County,0,2,2
0500000US26139,26,139,Ottawa,County,0,8,8
0500000US45019,45,019,Charleston,County,19,16,35
0500000US46081,46,081,Lawrence,County,0,1,1
0500000US46099,46,099,Minnehaha,County,0,9,9
0500000US33001,33,001,Belknap,County,9,1,10
0500000US33011,33,011,Hillsborough,County,66,7,73
0500000US33013,33,013,Merrimack,County,25,1,26
0500000US34001,34,001,Atlantic,County,17,10,27
0500000US34005,34,005,Burlington,County,35,9,44
0500000US34011,34,011,Cumberland,County,7,2,9
0500000US39035,39,035,Cuyahoga,County,21,42,63
0500000US37023,37,023,Burke,County,2,1,3
0500000US37031,37,031,Carteret,County,7,1,8
0500000US29165,29,165,Platte,County,1,6,7
0500000US37101,37,101,Johnston,County,9,2,11
0500000US37119,37,119,Mecklenburg,County,22,57,79
0500000US37125,37,125,Moore,County,4,1,5
0500000US35031,35,031,McKinley,County,0,1,1
0500000US47157,47,157,Shelby,County,7,34,41
0500000US47163,47,163,Sullivan,County,2,2,4
0500000US45057,45,057,Lancaster,County,0,1,1
0500000US36085,36,085,Richmond,County,31,8,39
0500000US36111,36,111,Ulster,County,16,4,20
0500000US36119,36,119,Westchester,County,69,30,99
0500000US45091,45,091,York,County,3,2,5
0500000US46013,46,013,Brown,County,0,1,1
0500000US30001,30,001,Beaverhead,County,0,1,1
0500000US48097,48,097,Cooke,County,0,1,1
0500000US24510,24,510,Baltimore,city,23,13,36
0500000US45063,45,063,Lexington,County,7,4,11
0500000US45077,45,077,Pickens,County,3,1,4
0500000US27027,27,027,Clay,County,0,1,1
0500000US46135,46,135,Yankton,County,0,1,1
0500000US25005,25,005,Bristol,County,116,4,120
0500000US25009,25,009,Essex,County,137,17,154
0500000US34023,34,023,Middlesex,County,72,18,90
0500000US26055,26,055,Grand Traverse,County,1,1,2
0500000US28089,28,089,Madison,County,0,1,1
0500000US37049,37,049,Craven,County,8,2,10
0500000US37051,37,051,Cumberland,County,6,5,11
0500000US42091,42,091,Montgomery,County,45,35,80
0500000US34025,34,025,Monmouth,County,65,14,79
0500000US34039,34,039,Union,County,50,7,57
0500000US35005,35,005,Chaves,County,0,2,2
0500000US09011,09,011,New London,County,51,9,60
0500000US10001,10,001,Kent,County,10,1,11
0500000US10003,10,003,New Castle,County,43,11,54
0500000US12009,12,009,Brevard,County,32,18,50
0500000US05031,05,031,Craighead,County,0,1,1
0500000US05035,05,035,Crittenden,County,0,1,1
0500000US04025,04,025,Yavapai,County,0,12,12
0500000US05007,05,007,Benton,County,1,5,6
0500000US12021,12,021,Collier,County,19,15,34
0500000US12033,12,033,Escambia,County,2,8,10
0500000US15003,15,003,Honolulu,County,0,54,54
0500000US16013,16,013,Blaine,County,0,2,2
0500000US05119,05,119,Pulaski,County,4,14,18
0500000US17031,17,031,Cook,County,333,286,619
0500000US18155,18,155,Switzerland,County,0,1,1
0500000US18163,18,163,Vanderburgh,County,0,5,5
0500000US18039,18,039,Elkhart,County,3,9,12
0500000US13135,13,135,Gwinnett,County,23,25,48
0500000US13151,13,151,Henry,County,7,4,11
0500000US13179,13,179,Liberty,County,1,1,2
0500000US17161,17,161,Rock Island,County,1,2,3
0500000US17201,17,201,Winnebago,County,4,5,9
0500000US13299,13,299,Ware,County,1,1,2
0500000US51059,51,059,Fairfax,County,29,78,107
0500000US51093,51,093,Isle of Wight,County,0,1,1
0500000US53007,53,007,Chelan,County,0,6,6
0500000US48135,48,135,Ector,County,0,2,2
0500000US48141,48,141,El Paso,County,7,15,22
0500000US51107,51,107,Loudoun,County,8,29,37
0500000US51149,51,149,Prince George,County,2,1,3
0500000US51161,51,161,Roanoke,County,3,1,4
0500000US51165,51,165,Rockingham,County,0,1,1
0500000US51177,51,177,Spotsylvania,County,2,5,7
0500000US53047,53,047,Okanogan,County,0,1,1
0500000US48167,48,167,Galveston,County,1,14,15
0500000US48221,48,221,Hood,County,1,1,2
0500000US48245,48,245,Jefferson,County,3,5,8
0500000US48257,48,257,Kaufman,County,0,2,2
0500000US51199,51,199,York,County,4,3,7
0500000US53031,53,031,Jefferson,County,0,2,2
0500000US51570,51,570,Colonial Heights,city,0,2,2
0500000US51630,51,630,Fredericksburg,city,1,4,5
0500000US51650,51,650,Hampton,city,5,3,8
0500000US51700,51,700,Newport News,city,5,8,13
0500000US51770,51,770,Roanoke,city,3,3,6
0500000US55071,55,071,Manitowoc,County,0,1,1
0500000US55079,55,079,Milwaukee,County,11,34,45
0500000US55089,55,089,Ozaukee,County,0,3,3
0500000US53061,53,061,Snohomish,County,0,73,73
0500000US53071,53,071,Walla Walla,County,0,5,5
0500000US53073,53,073,Whatcom,County,0,12,12
0500000US27139,27,139,Scott,County,0,2,2
0500000US39057,39,057,Greene,County,0,5,5
0500000US55131,55,131,Washington,County,1,2,3
0500000US51087,51,087,Henrico,County,4,21,25
0500000US09009,09,009,New Haven,County,120,21,141
0500000US21117,21,117,Kenton,County,2,2,4
0500000US48375,48,375,Potter,County,2,2,4
0500000US41019,41,019,Douglas,County,0,4,4
0500000US55001,55,001,Adams,County,0,1,1
0500000US53057,53,057,Skagit,County,0,10,10
0500000US06085,06,085,Santa Clara,County,0,139,139
0500000US45015,45,015,Berkeley,County,5,1,6
0500000US28033,28,033,DeSoto,County,1,3,4
0500000US13245,13,245,Richmond,County,4,7,11
0500000US20037,20,037,Crawford,County,0,1,1
0500000US20061,20,061,Geary,County,0,2,2
0500000US22019,22,019,Calcasieu,Parish,0,2,2
0500000US53009,53,009,Clallam,County,0,4,4
0500000US53027,53,027,Grays Harbor,County,0,2,2
0500000US55105,55,105,Rock,County,3,3,6
0500000US55117,55,117,Sheboygan,County,1,3,4
0500000US55127,55,127,Walworth,County,1,3,4
0500000US55009,55,009,Brown,County,2,4,6
0500000US49053,49,053,Washington,County,0,3,3
0500000US22109,22,109,Terrebonne,Parish,0,1,1
0500000US22045,22,045,Iberia,Parish,0,1,1
0500000US21047,21,047,Christian,County,0,2,2
0500000US21059,21,059,Daviess,County,1,3,4
0500000US21073,21,073,Franklin,County,0,3,3
0500000US56001,56,001,Albany,County,0,2,2
0500000US56021,56,021,Laramie,County,0,5,5
0500000US51041,51,041,Chesterfield,County,4,13,17
